{
    "0": "Actinic keratoses and intraepithelial carcinoma / Bowen’s disease (akiec)",
    "1": "Basal cell carcinoma (bcc)",
    "2": "Benign keratosis-like lesions (bkl)",
    "3": "Dermatofibroma (df)",
    "4": "Melanoma (mel)",
    "5": "Melanocytic nevi (nv)",
    "6": "Vascular lesions (vasc)",
    "7": "Acne_Keloidalis_Nuchae",
    "8":"Acne_Vulgaris",
    "9":"Acrokeratosis_Verruciformis",
    "10":"Actinic_solar_Damage(Actinic_Cheilitis)",
    "11":"Actinic_solar_Damage(Actinic_Keratosis)",
    "12":"Actinic_solar_Damage(Cutis_Rhomboidalis_Nuchae)",
    "13":"Actinic_solar_Damage(Pigmentation)",
    "14":"Actinic_solar_Damage(Solar_Elastosis)",
    "15":"Actinic_solar_Damage(Solar_Purpura)",
    "16":"Actinic_solar_Damage(Telangiectasia)",
    "17":"Acute_Eczema",
    "18":"Allergic_Contact_Dermatitis",
    "19":"Alopecia_Areata",
    "20":"Androgenetic_Alopecia",
    "21":"Angioma",
    "22":"Angular_Cheilitis",
    "23":"Aphthous_Ulcer",
    "24":"Apocrine_Hydrocystoma",
    "25":"Arsenical_Keratosis",
    "26":"Balanitis_Xerotica_Obliterans",
    "27":"Basal_Cell_Carcinoma",
    "28":"Beau's_Lines",
    "29":"Becker's_Nevus",
    "30":"Behcet's_Syndrome",
    "31":"Benign_Keratosis",
    "32":"Blue_Nevus",
    "33":"Bowen's_Disease",
    "34":"Bowenoid_Papulosis",
    "35":"Cafe_Au_Lait_Macule",
    "36":"Callus",
    "37":"Candidiasis",
    "38":"Cellulitis",
    "39":"Chalazion",
    "40":"Clubbing_of_Fingers",
    "41":"Compound_Nevus",
    "42":"Congenital_Nevus",
    "43":"Crowe's_Sign",
    "44":"Cutanea_Larva_Migrans",
    "45":"Cutaneous_Horn",
    "46":"Cutaneous_T-Cell_Lymphoma",
    "47":"Cutis_Marmorata",
    "48":"Darier-White_Disease",
    "49":"Dermatofibroma",
    "50":"Dermatosis_Papulosa_Nigra",
    "51":"Desquamation",
    "52":"Digital_Fibroma",
    "53":"Dilated_Pore_of_Winer",
    "54":"Discoid_Lupus_Erythematosus",
    "55":"Disseminated_Actinic_Porokeratosis",
    "56":"Drug_Eruption",
    "57":"Dry_Skin_Eczema",
    "58":"Dyshidrosiform_Eczema",
    "59":"Dysplastic_Nevus",
    "60":"Eccrine_Poroma",
    "61":"Eczema",
    "62":"Epidermal_Nevus",
    "63":"Epidermoid_Cyst",
    "64":"Epithelioma_Adenoides_Cysticum",
    "65":"Erythema_Ab_Igne",
    "66":"Erythema_Annulare_Centrifigum",
    "67":"Erythema_Craquele",
    "68":"Erythema_Multiforme",
    "69":"Exfoliative_Erythroderma",
    "70":"Factitial_Dermatitis",
    "71":"Favre_Racouchot",
    "72":"Fibroma",
    "73":"Fibroma_Molle",
    "74":"Fixed_Drug_Eruption",
    "75":"Follicular_Mucinosis",
    "76":"Follicular_Retention_Cyst",
    "77":"Fordyce_Spots",
    "78":"Frictional_Lichenoid_Dermatitis",
    "79":"Ganglion",
    "80":"Geographic_Tongue",
    "81":"Granulation_Tissue",
    "82":"Granuloma_Annulare",
    "83":"Green_Nail",
    "84":"Guttate_Psoriasis",
    "85":"Hailey_Hailey_Disease",
    "86":"Half_and_Half_Nail",
    "87":"Halo_Nevus",
    "88":"Herpes_Simplex_Virus",
    "89":"Herpes_Zoster",
    "90":"Hidradenitis_Suppurativa",
    "91":"Histiocytosis_X",
    "92":"Hyperkeratosis_Palmaris_Et_Plantaris",
    "93":"Hypertrichosis",
    "94":"Ichthyosis",
    "95":"Impetigo",
    "96":"Infantile_Atopic_Dermatitis",
    "97":"Inverse_Psoriasis",
    "98":"Junction_Nevus",
    "99":"Keloid",
    "100":"Keratoacanthoma",
    "101":"Keratolysis_Exfoliativa_of_Wende",
    "102":"Keratosis_Pilaris",
    "103":"Kerion",
    "104":"Koilonychia",
    "105":"Kyrle's_Disease",
    "106":"Leiomyoma",
    "107":"Lentigo_Maligna_Melanoma",
    "108":"Leukocytoclastic_Vasculitis",
    "109":"Leukonychia",
    "110":"Lichen_Planus",
    "111":"Lichen_Sclerosis_Et_Atrophicus",
    "112":"Lichen_Simplex_Chronicus",
    "113":"Lichen_Spinulosis",
    "114":"Linear_Epidermal_Nevus",
    "115":"Lipoma",
    "116":"Livedo_Reticularis",
    "117":"Lymphangioma_Circumscriptum",
    "118":" Lymphocytic_Infiltrate_of_Jessner",
    "119":"Lymphomatoid_Papulosis",
    "120":"Mal_Perforans",
    "121":"Malignant_Melanoma",
    "122":"Median_Nail_Dystrophy",
    "123":"Melasma",
    "124":"Metastatic_Carcinoma",
    "125":"Milia",
    "126":"Molluscum_Contagiosum",
    "127":"Morphea",
    "128":"Mucha_Habermann_Disease",
    "129":"Mucous_Membrane_Psoriasis",
    "130":"Myxoid_Cyst",
    "131":"Nail_Dystrophy",
    "132":"Nail_Nevus",
    "133":"Nail_Psoriasis",
    "134":"Nail_Ridging",
    "135":"Neurodermatitis",
    "136":"Neurofibroma",
    "137":"Neurotic_Excoriations",
    "138":"Nevus_Comedonicus",
    "139":"Nevus_Incipiens",
    "140":"Nevus_Sebaceous_of_Jadassohn",
    "141":"Nevus_Spilus",
    "142":"Nummular_Eczema",
    "143":"Onychogryphosis",
    "144":" Onycholysis",
    "145":"Onychomycosis",
    "146":"Onychoschizia",
    "147":"Paronychia",
    "148":"Pearl_Penile_Papules",
    "149":"Perioral_Dermatitis",
    "150":"Pincer_Nail_Syndrome",
    "151":"Pitted_Keratolysis",
    "152":"Pityriasis_Alba",
    "153":"Pityriasis_Rosea",
    "154":"Pityrosporum_Folliculitis",
    "155":"oikiloderma_Atrophicans_Vasculare",
    "156":"Pomade_Acne",
    "157":"Pseudofolliculitis_Barbae",
    "158":"Pseudorhinophyma",
    "159":"Psoriasis",
    "160":"Pustular_Psoriasis",
    "161":"Pyoderma_Gangrenosum",
    "162":"Pyogenic_Granuloma",
    "163":"Racquet_Nail",
    "164":"Radiodermatitis",
    "165":"Rhinophyma",
    "166":"Rosacea",
    "167":"Scalp_Psoriasis",
    "168":"Scar",
    "169":"Scarring_Alopecia",
    "170":"Schamberg's_Disease",
    "171":"Sebaceous_Gland_Hyperplasia",
    "172":"Seborrheic_Dermatitis",
    "173":"Seborrheic_Keratosis",
    "174":"Skin_Tag",
    "175":"Solar_Lentigo",
    "176":"Stasis_Dermatitis",
    "177":"Stasis_Edema",
    "178":"Stasis_Ulcer",
    "179":"Steroid_Acne",
    "180":"Steroid_Striae",
    "181":"Steroid_Use_abusemisuse_Dermatitis",
    "182":"Stomatitis",
    "183":"Strawberry_Hemangioma",
    "184":"Striae",
    "185":"Subungual_Hematoma",
    "186":"Syringoma",
    "187":"Terry's_Nails",
    "188":"Tinea_Corporis",
    "189":"Tinea_Cruris",
    "190":"Tinea_Faciale",
    "191":"Tinea_Manus",
    "192":"Tinea_Pedis",
    "193":"Tinea_Versicolor",
    "194":"Toe_Deformity",
    "195":"Trichilemmal_Cyst",
    "196":"Trichofolliculoma",
    "197":"Trichostasis_Spinulosa",
    "198":"Ulcer",
    "199":"Urticaria",
    "200":"Varicella",
    "201":"Verruca_Vulgaris",
    "202":"Vitiligo",
    "203":"Wound_Infection",
    "204":" Xerosis"

}


